[
  {
    "date": "2026-01-01",
    "localName": "Año Nuevo",
    "name": "New Year's Day",
    "countryCode": "ES",
    "fixed": false,
    "global": true,
    "counties": null,
    "launchYear": null,
    "types": [
      "Public"
    ]
  },
  {
    "date": "2026-01-06",
    "localName": "Día de Reyes / Epifanía del Señor",
    "name": "Epiphany",
    "countryCode": "ES",
    "fixed": false,
    "global": true,
    "counties": null,
    "launchYear": null,
    "types": [
      "Public"
    ]
  },
  {
    "date": "2026-02-28",
    "localName": "Día de Andalucía",
    "name": "Day of Andalucía",
    "countryCode": "ES",
    "fixed": false,
    "global": false,
    "counties": [
      "ES-AN"
    ],
    "launchYear": null,
    "types": [
      "Public"
    ]
  },
  {
    "date": "2026-03-01",
    "localName": "Dia de les Illes Balears",
    "name": "Day of the Balearic Islands",
    "countryCode": "ES",
    "fixed": false,
    "global": false,
    "counties": [
      "ES-IB"
    ],
    "launchYear": null,
    "types": [
      "Public"
    ]
  },
  {
    "date": "2026-04-02",
    "localName": "Jueves Santo",
    "name": "Maundy Thursday",
    "countryCode": "ES",
    "fixed": false,
    "global": false,
    "counties": [
      "ES-AN",
      "ES-AR",
      "ES-CL",
      "ES-CM",
      "ES-CN",
      "ES-EX",
      "ES-GA",
      "ES-IB",
      "ES-RI",
      "ES-MD",
      "ES-MC",
      "ES-NC",
      "ES-AS",
      "ES-PV",
      "ES-CB"
    ],
    "launchYear": null,
    "types": [
      "Public"
    ]
  },
  {
    "date": "2026-04-03",
    "localName": "Viernes Santo",
    "name": "Good Friday",
    "countryCode": "ES",
    "fixed": false,
    "global": true,
    "counties": null,
    "launchYear": null,
    "types": [
      "Public"
    ]
  },
  {
    "date": "2026-04-06",
    "localName": "Lunes de Pascua",
    "name": "Easter Monday",
    "countryCode": "ES",
    "fixed": false,
    "global": false,
    "counties": [
      "ES-CT",
      "ES-IB",
      "ES-RI",
      "ES-NC",
      "ES-PV",
      "ES-VC"
    ],
    "launchYear": null,
    "types": [
      "Public"
    ]
  },
  {
    "date": "2026-04-23",
    "localName": "Día de Castilla y León",
    "name": "Castile and León Day",
    "countryCode": "ES",
    "fixed": false,
    "global": false,
    "counties": [
      "ES-CL"
    ],
    "launchYear": null,
    "types": [
      "Public"
    ]
  },
  {
    "date": "2026-04-23",
    "localName": "San Jorge (Día de Aragón)",
    "name": "Day of Aragón",
    "countryCode": "ES",
    "fixed": false,
    "global": false,
    "counties": [
      "ES-AR"
    ],
    "launchYear": null,
    "types": [
      "Public"
    ]
  },
  {
    "date": "2026-05-01",
    "localName": "Fiesta del trabajo",
    "name": "Labour Day",
    "countryCode": "ES",
    "fixed": false,
    "global": true,
    "counties": null,
    "launchYear": null,
    "types": [
      "Public"
    ]
  },
  {
    "date": "2026-05-02",
    "localName": "Fiesta de la Comunidad de Madrid",
    "name": "Day of Madrid",
    "countryCode": "ES",
    "fixed": false,
    "global": false,
    "counties": [
      "ES-MD"
    ],
    "launchYear": null,
    "types": [
      "Public"
    ]
  },
  {
    "date": "2026-05-17",
    "localName": "Día das Letras Galegas",
    "name": "Galician Literature Day",
    "countryCode": "ES",
    "fixed": false,
    "global": false,
    "counties": [
      "ES-GA"
    ],
    "launchYear": null,
    "types": [
      "Public"
    ]
  },
  {
    "date": "2026-05-30",
    "localName": "Día de Canarias",
    "name": "Day of the Canary Islands",
    "countryCode": "ES",
    "fixed": false,
    "global": false,
    "counties": [
      "ES-CN"
    ],
    "launchYear": null,
    "types": [
      "Public"
    ]
  },
  {
    "date": "2026-05-31",
    "localName": "Día de la Región Castilla-La Mancha",
    "name": "Day of Castilla-La Mancha",
    "countryCode": "ES",
    "fixed": false,
    "global": false,
    "counties": [
      "ES-CM"
    ],
    "launchYear": null,
    "types": [
      "Public"
    ]
  },
  {
    "date": "2026-06-04",
    "localName": "Corpus Christi",
    "name": "Corpus Christi",
    "countryCode": "ES",
    "fixed": false,
    "global": false,
    "counties": [
      "ES-CM"
    ],
    "launchYear": null,
    "types": [
      "Public"
    ]
  },
  {
    "date": "2026-06-09",
    "localName": "Día de La Rioja",
    "name": "Day of La Rioja",
    "countryCode": "ES",
    "fixed": false,
    "global": false,
    "counties": [
      "ES-RI"
    ],
    "launchYear": null,
    "types": [
      "Public"
    ]
  },
  {
    "date": "2026-06-09",
    "localName": "Día de la Región de Murcia",
    "name": "Day of Murcia",
    "countryCode": "ES",
    "fixed": false,
    "global": false,
    "counties": [
      "ES-MC"
    ],
    "launchYear": null,
    "types": [
      "Public"
    ]
  },
  {
    "date": "2026-06-24",
    "localName": "Sant Joan",
    "name": "St. John's Day",
    "countryCode": "ES",
    "fixed": false,
    "global": false,
    "counties": [
      "ES-CT",
      "ES-VC"
    ],
    "launchYear": null,
    "types": [
      "Public"
    ]
  },
  {
    "date": "2026-07-25",
    "localName": "Santiago Apóstol",
    "name": "Santiago Apóstol",
    "countryCode": "ES",
    "fixed": false,
    "global": false,
    "counties": [
      "ES-GA",
      "ES-PV"
    ],
    "launchYear": null,
    "types": [
      "Public"
    ]
  },
  {
    "date": "2026-07-28",
    "localName": "Día de las Instituciones de Cantabria",
    "name": "Day of the Cantabrian Institutions",
    "countryCode": "ES",
    "fixed": false,
    "global": false,
    "counties": [
      "ES-CB"
    ],
    "launchYear": null,
    "types": [
      "Public"
    ]
  },
  {
    "date": "2026-08-15",
    "localName": "Asunción",
    "name": "Assumption",
    "countryCode": "ES",
    "fixed": false,
    "global": true,
    "counties": null,
    "launchYear": null,
    "types": [
      "Public"
    ]
  },
  {
    "date": "2026-09-08",
    "localName": "Día de Asturias",
    "name": "Day of Asturias",
    "countryCode": "ES",
    "fixed": false,
    "global": false,
    "counties": [
      "ES-AS"
    ],
    "launchYear": null,
    "types": [
      "Public"
    ]
  },
  {
    "date": "2026-09-08",
    "localName": "Día de Extremadura",
    "name": "Day of Extremadura",
    "countryCode": "ES",
    "fixed": false,
    "global": false,
    "counties": [
      "ES-EX"
    ],
    "launchYear": null,
    "types": [
      "Public"
    ]
  },
  {
    "date": "2026-09-11",
    "localName": "Diada Nacional de Catalunya",
    "name": "National Day of Catalonia",
    "countryCode": "ES",
    "fixed": false,
    "global": false,
    "counties": [
      "ES-CT"
    ],
    "launchYear": null,
    "types": [
      "Public"
    ]
  },
  {
    "date": "2026-09-15",
    "localName": "Festividad de la Bien Aparecida",
    "name": "Feast of Our Lady of Bien Aparecida",
    "countryCode": "ES",
    "fixed": false,
    "global": false,
    "counties": [
      "ES-CB"
    ],
    "launchYear": null,
    "types": [
      "Public"
    ]
  },
  {
    "date": "2026-10-09",
    "localName": "Dia de la Comunitat Valenciana",
    "name": "Day of the Valencian Community",
    "countryCode": "ES",
    "fixed": false,
    "global": false,
    "counties": [
      "ES-VC"
    ],
    "launchYear": null,
    "types": [
      "Public"
    ]
  },
  {
    "date": "2026-10-12",
    "localName": "Fiesta Nacional de España",
    "name": "National Day of Spain",
    "countryCode": "ES",
    "fixed": false,
    "global": true,
    "counties": null,
    "launchYear": null,
    "types": [
      "Public"
    ]
  },
  {
    "date": "2026-11-01",
    "localName": "Día de todos los Santos",
    "name": "All Saints Day",
    "countryCode": "ES",
    "fixed": false,
    "global": true,
    "counties": null,
    "launchYear": null,
    "types": [
      "Public"
    ]
  },
  {
    "date": "2026-12-06",
    "localName": "Día de la Constitución",
    "name": "Constitution Day",
    "countryCode": "ES",
    "fixed": false,
    "global": true,
    "counties": null,
    "launchYear": null,
    "types": [
      "Public"
    ]
  },
  {
    "date": "2026-12-08",
    "localName": "Inmaculada Concepción",
    "name": "Immaculate Conception",
    "countryCode": "ES",
    "fixed": false,
    "global": true,
    "counties": null,
    "launchYear": null,
    "types": [
      "Public"
    ]
  },
  {
    "date": "2026-12-25",
    "localName": "Navidad",
    "name": "Christmas Day",
    "countryCode": "ES",
    "fixed": false,
    "global": true,
    "counties": null,
    "launchYear": null,
    "types": [
      "Public"
    ]
  },
  {
    "date": "2026-12-26",
    "localName": "Feast of Saint Stephen",
    "name": "St. Stephen's Day",
    "countryCode": "ES",
    "fixed": false,
    "global": false,
    "counties": [
      "ES-CT"
    ],
    "launchYear": null,
    "types": [
      "Public"
    ]
  }
]